Id,Registrar,EnrolmentAgency,State,District,SubDistrict,PinCode,Gender,Age
1,Allahabad Bank,A-Onerealtors Pvt Ltd,Uttar Pradesh,Allahabad,Meja,212303,F,7
2,Allahabad Bank,Asha Security Guard Services,Uttar Pradesh,Sonbhadra,Robertsganj,231213,M,8
3,Allahabad Bank,SGS INDIA PVT LTD,Uttar Pradesh,Sultanpur,Sultanpur,227812,F,13
4,Allahabad Bank,Sri Ramraja Sarkar Lok Kalyan Trust,Uttar Pradesh,Shamli,Shamli,247775,M,6
5,Allahabad Bank,Transmoovers India,Uttar Pradesh,Gorakhpur,Sahjanwa,273001,M,8
6,Allahabad Bank,Transmoovers India,Uttar Pradesh,Varanasi,Pindra,221101,M,14
7,Allahabad Bank,Transmoovers India,Uttar Pradesh,Varanasi,Varanasi,221001,M,9
8,Allahabad Bank,Transmoovers India,Uttar Pradesh,Varanasi,Varanasi,221002,M,4
9,Allahabad Bank,Transmoovers India,Uttar Pradesh,Varanasi,Varanasi,221002,M,10
10,Allahabad Bank,Transmoovers India,Uttar Pradesh,Varanasi,Varanasi,221002,M,19
11,Allahabad Bank,Vedavaag Systems Limited,Uttar Pradesh,Bara Banki,Nawabganj,225301,M,8
12,Atalji Janasnehi Directorate  Government of Karnataka,Atalji Janasnehi Directorate  GOK,Assam,Marigaon,Bhuragaon,782121,M,22
13,Atalji Janasnehi Directorate  Government of Karnataka,Atalji Janasnehi Directorate  GOK,Bihar,Gopalganj,Vijayeepur,841508,M,26
14,Atalji Janasnehi Directorate  Government of Karnataka,Atalji Janasnehi Directorate  GOK,Karnataka,Bagalkot,Badami,587114,M,27
15,Atalji Janasnehi Directorate  Government of Karnataka,Atalji Janasnehi Directorate  GOK,Karnataka,Bagalkot,Badami,587155,F,2
16,Atalji Janasnehi Directorate  Government of Karnataka,Atalji Janasnehi Directorate  GOK,Karnataka,Bagalkot,Badami,587155,M,67
17,Atalji Janasnehi Directorate  Government of Karnataka,Atalji Janasnehi Directorate  GOK,Karnataka,Bagalkot,Badami,587201,F,32
18,Atalji Janasnehi Directorate  Government of Karnataka,Atalji Janasnehi Directorate  GOK,Karnataka,Bagalkot,Badami,587203,M,27
19,Atalji Janasnehi Directorate  Government of Karnataka,Atalji Janasnehi Directorate  GOK,Karnataka,Bagalkot,Badami,587206,F,40
20,Atalji Janasnehi Directorate  Government of Karnataka,Atalji Janasnehi Directorate  GOK,Karnataka,Bagalkot,Badami,587206,M,28
21,Atalji Janasnehi Directorate  Government of Karnataka,Atalji Janasnehi Directorate  GOK,Karnataka,Bagalkot,Badami,587206,M,44
22,Atalji Janasnehi Directorate  Government of Karnataka,Atalji Janasnehi Directorate  GOK,Karnataka,Bagalkot,Bagalkot,587102,M,56
23,Atalji Janasnehi Directorate  Government of Karnataka,Atalji Janasnehi Directorate  GOK,Karnataka,Bagalkot,Bagalkot,587207,M,6
24,Atalji Janasnehi Directorate  Government of Karnataka,Atalji Janasnehi Directorate  GOK,Karnataka,Bagalkot,Bagalkot,587207,M,73
25,Atalji Janasnehi Directorate  Government of Karnataka,Atalji Janasnehi Directorate  GOK,Karnataka,Bagalkot,Hungund,587118,F,6
26,Atalji Janasnehi Directorate  Government of Karnataka,Atalji Janasnehi Directorate  GOK,Karnataka,Bagalkot,Hungund,587118,F,36
27,Atalji Janasnehi Directorate  Government of Karnataka,Atalji Janasnehi Directorate  GOK,Karnataka,Bagalkot,Hungund,587124,F,74
28,Atalji Janasnehi Directorate  Government of Karnataka,Atalji Janasnehi Directorate  GOK,Karnataka,Bagalkot,Hungund,587124,M,33
29,Atalji Janasnehi Directorate  Government of Karnataka,Atalji Janasnehi Directorate  GOK,Karnataka,Bagalkot,Hungund,587125,F,6
30,Atalji Janasnehi Directorate  Government of Karnataka,Atalji Janasnehi Directorate  GOK,Karnataka,Bagalkot,Hungund,587125,F,22
31,Atalji Janasnehi Directorate  Government of Karnataka,Atalji Janasnehi Directorate  GOK,Karnataka,Bagalkot,Hungund,587125,F,65
32,Atalji Janasnehi Directorate  Government of Karnataka,Atalji Janasnehi Directorate  GOK,Karnataka,Bagalkot,Hungund,587125,M,1
33,Atalji Janasnehi Directorate  Government of Karnataka,Atalji Janasnehi Directorate  GOK,Karnataka,Bagalkot,Hungund,587125,M,3
34,Atalji Janasnehi Directorate  Government of Karnataka,Atalji Janasnehi Directorate  GOK,Karnataka,Bagalkot,Hungund,587125,M,27
35,Atalji Janasnehi Directorate  Government of Karnataka,Atalji Janasnehi Directorate  GOK,Karnataka,Bagalkot,Hungund,587154,M,1
36,Atalji Janasnehi Directorate  Government of Karnataka,Atalji Janasnehi Directorate  GOK,Karnataka,Bagalkot,Hungund,587202,F,46
37,Atalji Janasnehi Directorate  Government of Karnataka,Atalji Janasnehi Directorate  GOK,Karnataka,Bagalkot,Jamakhandi,586125,F,45
38,Atalji Janasnehi Directorate  Government of Karnataka,Atalji Janasnehi Directorate  GOK,Karnataka,Bagalkot,Jamakhandi,587314,F,65
39,Atalji Janasnehi Directorate  Government of Karnataka,Atalji Janasnehi Directorate  GOK,Karnataka,Bagalkot,Jamakhandi,587315,F,4
40,Atalji Janasnehi Directorate  Government of Karnataka,Atalji Janasnehi Directorate  GOK,Karnataka,Bagalkot,Jamakhandi,587315,F,66
41,Atalji Janasnehi Directorate  Government of Karnataka,Atalji Janasnehi Directorate  GOK,Karnataka,Bagalkot,Jamakhandi,587315,M,38
42,Atalji Janasnehi Directorate  Government of Karnataka,Atalji Janasnehi Directorate  GOK,Karnataka,Bagalkot,Mudhol,587122,M,17
43,Atalji Janasnehi Directorate  Government of Karnataka,Atalji Janasnehi Directorate  GOK,Karnataka,Bagalkot,Mudhol,587313,F,38
44,Atalji Janasnehi Directorate  Government of Karnataka,Atalji Janasnehi Directorate  GOK,Karnataka,Bagalkot,Mudhol,587313,M,21
45,Atalji Janasnehi Directorate  Government of Karnataka,Atalji Janasnehi Directorate  GOK,Karnataka,Bagalkot,Mudhol,587313,M,49
46,Atalji Janasnehi Directorate  Government of Karnataka,Atalji Janasnehi Directorate  GOK,Karnataka,Ballari,Hadagali,583214,F,24
47,Atalji Janasnehi Directorate  Government of Karnataka,Atalji Janasnehi Directorate  GOK,Karnataka,Ballari,Hadagali,583216,M,4
48,Atalji Janasnehi Directorate  Government of Karnataka,Atalji Janasnehi Directorate  GOK,Karnataka,Ballari,Hadagali,583219,F,0
49,Atalji Janasnehi Directorate  Government of Karnataka,Atalji Janasnehi Directorate  GOK,Karnataka,Ballari,Hadagali,583219,F,4
50,Atalji Janasnehi Directorate  Government of Karnataka,Atalji Janasnehi Directorate  GOK,Karnataka,Ballari,Hadagali,583219,F,5
51,Atalji Janasnehi Directorate  Government of Karnataka,Atalji Janasnehi Directorate  GOK,Karnataka,Ballari,Hadagali,583219,F,70
52,Atalji Janasnehi Directorate  Government of Karnataka,Atalji Janasnehi Directorate  GOK,Karnataka,Ballari,Hadagali,583219,F,73
53,Atalji Janasnehi Directorate  Government of Karnataka,Atalji Janasnehi Directorate  GOK,Karnataka,Ballari,Hadagali,583219,M,2
54,Atalji Janasnehi Directorate  Government of Karnataka,Atalji Janasnehi Directorate  GOK,Karnataka,Ballari,Hadagali,583219,M,7
55,Atalji Janasnehi Directorate  Government of Karnataka,Atalji Janasnehi Directorate  GOK,Karnataka,Ballari,Hadagali,583220,M,3
56,Atalji Janasnehi Directorate  Government of Karnataka,Atalji Janasnehi Directorate  GOK,Karnataka,Ballari,Hagaribommanahalli,583102,M,66
57,Atalji Janasnehi Directorate  Government of Karnataka,Atalji Janasnehi Directorate  GOK,Karnataka,Ballari,Hagaribommanahalli,583214,F,45
58,Atalji Janasnehi Directorate  Government of Karnataka,Atalji Janasnehi Directorate  GOK,Karnataka,Ballari,Hospet,583132,M,25
59,Atalji Janasnehi Directorate  Government of Karnataka,Atalji Janasnehi Directorate  GOK,Karnataka,Ballari,Hospet,583201,F,2
60,Atalji Janasnehi Directorate  Government of Karnataka,Atalji Janasnehi Directorate  GOK,Karnataka,Ballari,Hospet,583201,F,4
61,Atalji Janasnehi Directorate  Government of Karnataka,Atalji Janasnehi Directorate  GOK,Karnataka,Ballari,Hospet,583201,F,32
62,Atalji Janasnehi Directorate  Government of Karnataka,Atalji Janasnehi Directorate  GOK,Karnataka,Ballari,Hospet,583201,F,70
63,Atalji Janasnehi Directorate  Government of Karnataka,Atalji Janasnehi Directorate  GOK,Karnataka,Ballari,Hospet,583221,F,60
64,Atalji Janasnehi Directorate  Government of Karnataka,Atalji Janasnehi Directorate  GOK,Karnataka,Ballari,Hospet,583223,F,3
65,Atalji Janasnehi Directorate  Government of Karnataka,Atalji Janasnehi Directorate  GOK,Karnataka,Ballari,Hospet,583223,F,6
66,Atalji Janasnehi Directorate  Government of Karnataka,Atalji Janasnehi Directorate  GOK,Karnataka,Ballari,Hospet,583239,F,2
67,Atalji Janasnehi Directorate  Government of Karnataka,Atalji Janasnehi Directorate  GOK,Karnataka,Ballari,Kudligi,583126,F,1
68,Atalji Janasnehi Directorate  Government of Karnataka,Atalji Janasnehi Directorate  GOK,Karnataka,Ballari,Kudligi,583126,F,24
69,Atalji Janasnehi Directorate  Government of Karnataka,Atalji Janasnehi Directorate  GOK,Karnataka,Ballari,Kudligi,583126,F,27
70,Atalji Janasnehi Directorate  Government of Karnataka,Atalji Janasnehi Directorate  GOK,Karnataka,Ballari,Kudligi,583126,M,19
71,Atalji Janasnehi Directorate  Government of Karnataka,Atalji Janasnehi Directorate  GOK,Karnataka,Ballari,Kudligi,583126,M,31
72,Atalji Janasnehi Directorate  Government of Karnataka,Atalji Janasnehi Directorate  GOK,Karnataka,Ballari,Kudligi,583126,M,59
73,Atalji Janasnehi Directorate  Government of Karnataka,Atalji Janasnehi Directorate  GOK,Karnataka,Ballari,Kudligi,583130,M,21
74,Atalji Janasnehi Directorate  Government of Karnataka,Atalji Janasnehi Directorate  GOK,Karnataka,Ballari,Kudligi,583135,M,25
75,Atalji Janasnehi Directorate  Government of Karnataka,Atalji Janasnehi Directorate  GOK,Karnataka,Ballari,Siruguppa,583114,F,0
76,Atalji Janasnehi Directorate  Government of Karnataka,Atalji Janasnehi Directorate  GOK,Karnataka,Ballari,Siruguppa,583120,F,65
77,Atalji Janasnehi Directorate  Government of Karnataka,Atalji Janasnehi Directorate  GOK,Karnataka,Ballari,Siruguppa,583120,M,7
78,Atalji Janasnehi Directorate  Government of Karnataka,Atalji Janasnehi Directorate  GOK,Karnataka,Ballari,Siruguppa,583120,M,65
79,Atalji Janasnehi Directorate  Government of Karnataka,Atalji Janasnehi Directorate  GOK,Karnataka,Ballari,Siruguppa,583120,M,70
80,Atalji Janasnehi Directorate  Government of Karnataka,Atalji Janasnehi Directorate  GOK,Karnataka,Bangalore Rural,Devanahalli,562110,F,2
81,Atalji Janasnehi Directorate  Government of Karnataka,Atalji Janasnehi Directorate  GOK,Karnataka,Bangalore Rural,Devanahalli,562135,F,5
82,Atalji Janasnehi Directorate  Government of Karnataka,Atalji Janasnehi Directorate  GOK,Karnataka,Bangalore Rural,Dod Ballapur,561203,F,1
83,Atalji Janasnehi Directorate  Government of Karnataka,Atalji Janasnehi Directorate  GOK,Karnataka,Bangalore Rural,Dod Ballapur,561203,F,3
84,Atalji Janasnehi Directorate  Government of Karnataka,Atalji Janasnehi Directorate  GOK,Karnataka,Bangalore Rural,Dod Ballapur,561203,F,5
85,Atalji Janasnehi Directorate  Government of Karnataka,Atalji Janasnehi Directorate  GOK,Karnataka,Bangalore Rural,Dod Ballapur,561203,F,41
86,Atalji Janasnehi Directorate  Government of Karnataka,Atalji Janasnehi Directorate  GOK,Karnataka,Bangalore Rural,Dod Ballapur,561203,M,19
87,Atalji Janasnehi Directorate  Government of Karnataka,Atalji Janasnehi Directorate  GOK,Karnataka,Bangalore Rural,Dod Ballapur,561203,M,47
88,Atalji Janasnehi Directorate  Government of Karnataka,Atalji Janasnehi Directorate  GOK,Karnataka,Bangalore Rural,Dod Ballapur,561204,F,54
89,Atalji Janasnehi Directorate  Government of Karnataka,Atalji Janasnehi Directorate  GOK,Karnataka,Bangalore Rural,Dod Ballapur,561204,F,66
90,Atalji Janasnehi Directorate  Government of Karnataka,Atalji Janasnehi Directorate  GOK,Karnataka,Bangalore Rural,Dod Ballapur,561204,F,76
91,Atalji Janasnehi Directorate  Government of Karnataka,Atalji Janasnehi Directorate  GOK,Karnataka,Belagavi,Athani,591212,F,1
92,Atalji Janasnehi Directorate  Government of Karnataka,Atalji Janasnehi Directorate  GOK,Karnataka,Belagavi,Athani,591212,F,2
93,Atalji Janasnehi Directorate  Government of Karnataka,Atalji Janasnehi Directorate  GOK,Karnataka,Belagavi,Athani,591212,F,3
94,Atalji Janasnehi Directorate  Government of Karnataka,Atalji Janasnehi Directorate  GOK,Karnataka,Belagavi,Athani,591212,F,18
95,Atalji Janasnehi Directorate  Government of Karnataka,Atalji Janasnehi Directorate  GOK,Karnataka,Belagavi,Athani,591212,M,1
96,Atalji Janasnehi Directorate  Government of Karnataka,Atalji Janasnehi Directorate  GOK,Karnataka,Belagavi,Athani,591220,F,75
97,Atalji Janasnehi Directorate  Government of Karnataka,Atalji Janasnehi Directorate  GOK,Karnataka,Belagavi,Athani,591232,F,18
98,Atalji Janasnehi Directorate  Government of Karnataka,Atalji Janasnehi Directorate  GOK,Karnataka,Belagavi,Athani,591240,F,1
99,Atalji Janasnehi Directorate  Government of Karnataka,Atalji Janasnehi Directorate  GOK,Karnataka,Belagavi,Athani,591265,F,1
